{"v":"4.8.0","meta":{"g":"LottieFiles AE 3.4.3","a":"","k":"","d":"","tc":""},"fr":60,"ip":0,"op":149,"w":48,"h":48,"nm":"master","ddd":0,"assets":[],"layers":[{"ddd":0,"ind":1,"ty":4,"nm":"Layer 1/symbol Outlines","sr":1,"ks":{"o":{"a":0,"k":100,"ix":11},"r":{"a":0,"k":0,"ix":10},"p":{"a":0,"k":[24,24,0],"ix":2},"a":{"a":0,"k":[24,24,0],"ix":1},"s":{"a":0,"k":[100,100,100],"ix":6}},"ao":0,"shapes":[{"ty":"gr","it":[{"ind":0,"ty":"sh","ix":1,"ks":{"a":0,"k":{"i":[[0,0],[0,0],[0.191,-0.167],[0.239,0],[0,0],[-0.072,0.548],[0,0],[0,0],[0,-0.5],[0,0]],"o":[[0,0],[-0.024,0.238],[-0.168,0.143],[0,0],[-0.55,0],[0,0],[0,0],[0.526,0],[0,0],[0,0]],"v":[[5.286,-3.397],[4.521,3.635],[4.21,4.231],[3.588,4.469],[-4.401,4.469],[-5.31,3.444],[-4.449,-4.398],[4.377,-4.398],[5.286,-3.469],[5.286,-3.373]],"c":true},"ix":2},"nm":"Path 1","mn":"ADBE Vector Shape - Group","hd":false},{"ind":1,"ty":"sh","ix":2,"ks":{"a":0,"k":{"i":[[0,0],[0.191,0.167],[0.048,0.048],[0.287,0.072],[0.144,0],[0,0],[0,0],[-0.191,-0.381],[-0.143,-0.143],[-0.598,0],[0,0],[-0.119,1.072],[0,0],[0.191,0.358]],"o":[[-0.12,-0.238],[-0.048,-0.047],[-0.215,-0.167],[-0.144,-0.023],[0,0],[0,0],[-0.048,0.453],[0.096,0.191],[0.383,0.381],[0,0],[1.076,0],[0,0],[0.048,-0.452],[0,0]],"v":[[9.472,-7.044],[8.97,-7.664],[8.802,-7.783],[8.037,-8.117],[7.606,-8.164],[-8.204,-8.164],[-9.735,5.828],[-9.496,7.067],[-9.137,7.544],[-7.63,8.164],[6.291,8.164],[8.395,6.281],[9.735,-5.805],[9.496,-7.044]],"c":true},"ix":2},"nm":"Path 2","mn":"ADBE Vector Shape - Group","hd":false},{"ty":"mm","mm":1,"nm":"Merge Paths 1","mn":"ADBE Vector Filter - Merge","hd":false},{"ty":"fl","c":{"a":0,"k":[0.945098099054,0.356862745098,0.145098039216,1],"ix":4},"o":{"a":0,"k":100,"ix":5},"r":1,"bm":0,"nm":"Fill 1","mn":"ADBE Vector Graphic - Fill","hd":false},{"ty":"tr","p":{"a":1,"k":[{"i":{"x":0.667,"y":1},"o":{"x":0.167,"y":0.167},"t":0,"s":[12.432,33.166],"to":[0,0],"ti":[0,0]},{"i":{"x":0.667,"y":1},"o":{"x":0.167,"y":0.167},"t":60,"s":[14.432,14.416],"to":[0,0],"ti":[0,0]},{"t":120,"s":[35.12,14.416]}],"ix":2},"a":{"a":0,"k":[0,0],"ix":1},"s":{"a":0,"k":[100,100],"ix":3},"r":{"a":0,"k":0,"ix":6},"o":{"a":0,"k":100,"ix":7},"sk":{"a":0,"k":0,"ix":4},"sa":{"a":0,"k":0,"ix":5},"nm":"Transform"}],"nm":"Group 1","np":4,"cix":2,"bm":0,"ix":1,"mn":"ADBE Vector Group","hd":false},{"ty":"gr","it":[{"ind":0,"ty":"sh","ix":1,"ks":{"a":0,"k":{"i":[[0,0],[0.024,-0.048],[0.12,-0.119],[0.096,-0.048],[0.12,0],[0,0],[0.095,0.048],[0.096,0.239],[0,0.048],[0,0],[0,0],[0,0],[-0.12,-0.048],[-0.072,-0.071],[-0.048,-0.048],[0,-0.047],[0,-0.166],[0,0]],"o":[[0,0],[-0.048,0.143],[-0.072,0.072],[-0.096,0.048],[0,0],[-0.119,0],[-0.216,-0.095],[-0.024,-0.071],[0,0],[0,0],[0,0],[0.12,0],[0.12,0.048],[0.024,0.048],[0.047,0.047],[0.048,0.12],[0,0],[0,0]],"v":[[4.533,3.659],[4.508,3.826],[4.245,4.231],[3.982,4.398],[3.648,4.469],[-4.342,4.469],[-4.699,4.398],[-5.202,3.897],[-5.251,3.73],[-5.251,3.444],[-4.389,-4.398],[4.46,-4.398],[4.844,-4.326],[5.131,-4.136],[5.251,-4.016],[5.322,-3.85],[5.393,-3.397],[4.605,3.659]],"c":true},"ix":2},"nm":"Path 1","mn":"ADBE Vector Shape - Group","hd":false},{"ind":1,"ty":"sh","ix":2,"ks":{"a":0,"k":{"i":[[0,0],[0.048,0.047],[0.048,0.048],[0.287,0.071],[0.143,0],[0,0],[0,0],[-0.286,-0.405],[-0.048,-0.047],[-0.048,-0.047],[-0.598,0],[0,0],[-0.12,1.073],[0,0],[0.191,0.358],[0.144,0.143]],"o":[[0,0],[-0.048,-0.048],[-0.215,-0.143],[-0.143,-0.024],[0,0],[0,0],[-0.048,0.524],[0.048,0.072],[0.048,0.048],[0.382,0.382],[0,0],[1.076,0],[0,0],[0.048,-0.453],[-0.096,-0.19],[0,0]],"v":[[9.124,-7.52],[8.982,-7.663],[8.814,-7.783],[8.049,-8.116],[7.618,-8.164],[-8.193,-8.164],[-9.747,5.828],[-9.389,7.234],[-9.268,7.401],[-9.124,7.544],[-7.617,8.164],[6.303,8.164],[8.408,6.281],[9.747,-5.804],[9.508,-7.044],[9.148,-7.52]],"c":true},"ix":2},"nm":"Path 2","mn":"ADBE Vector Shape - Group","hd":false},{"ty":"mm","mm":1,"nm":"Merge Paths 1","mn":"ADBE Vector Filter - Merge","hd":false},{"ty":"fl","c":{"a":0,"k":[0.945098099054,0.356862745098,0.145098039216,1],"ix":4},"o":{"a":0,"k":100,"ix":5},"r":1,"bm":0,"nm":"Fill 1","mn":"ADBE Vector Graphic - Fill","hd":false},{"ty":"tr","p":{"a":1,"k":[{"i":{"x":0.667,"y":1},"o":{"x":0.167,"y":0.167},"t":0,"s":[33.631,33.166],"to":[0,0],"ti":[0,0]},{"i":{"x":0.667,"y":1},"o":{"x":0.167,"y":0.167},"t":60,"s":[12.881,33.166],"to":[0,0],"ti":[0,0]},{"t":120,"s":[14.381,14.353]}],"ix":2},"a":{"a":0,"k":[0,0],"ix":1},"s":{"a":0,"k":[100,100],"ix":3},"r":{"a":0,"k":0,"ix":6},"o":{"a":0,"k":100,"ix":7},"sk":{"a":0,"k":0,"ix":4},"sa":{"a":0,"k":0,"ix":5},"nm":"Transform"}],"nm":"Group 2","np":4,"cix":2,"bm":0,"ix":2,"mn":"ADBE Vector Group","hd":false},{"ty":"gr","it":[{"ind":0,"ty":"sh","ix":1,"ks":{"a":0,"k":{"i":[[0,0],[0,0],[0.072,-0.548],[0,0],[0.454,0],[0,0],[-0.072,0.548],[0,0]],"o":[[0,0],[0.55,0],[0,0],[-0.047,0.477],[0,0],[-0.55,0],[0,0],[0,0]],"v":[[-4.436,-4.422],[4.39,-4.422],[5.299,-3.397],[4.533,3.611],[3.624,4.445],[-4.365,4.445],[-5.273,3.42],[-4.413,-4.422]],"c":true},"ix":2},"nm":"Path 1","mn":"ADBE Vector Shape - Group","hd":false},{"ind":1,"ty":"sh","ix":2,"ks":{"a":0,"k":{"i":[[0,0],[0,0],[-0.119,1.072],[0,0],[1.244,0],[0,0],[0,0],[-1.244,0]],"o":[[0,0],[1.077,0],[0,0],[0.143,-1.263],[0,0],[0,0],[-0.12,1.239],[0,0]],"v":[[-7.617,8.164],[6.279,8.164],[8.383,6.281],[9.724,-5.805],[7.618,-8.164],[-8.191,-8.164],[-9.747,5.828],[-7.641,8.164]],"c":true},"ix":2},"nm":"Path 2","mn":"ADBE Vector Shape - Group","hd":false},{"ty":"mm","mm":1,"nm":"Merge Paths 1","mn":"ADBE Vector Filter - Merge","hd":false},{"ty":"fl","c":{"a":0,"k":[0.945098099054,0.356862745098,0.145098039216,1],"ix":4},"o":{"a":0,"k":100,"ix":5},"r":1,"bm":0,"nm":"Fill 1","mn":"ADBE Vector Graphic - Fill","hd":false},{"ty":"tr","p":{"a":1,"k":[{"i":{"x":0.667,"y":1},"o":{"x":0.167,"y":0.167},"t":0,"s":[35.442,14.166],"to":[0,0],"ti":[0,0]},{"i":{"x":0.667,"y":1},"o":{"x":0.167,"y":0.167},"t":60,"s":[33.567,32.979],"to":[0,0],"ti":[0,0]},{"t":120,"s":[12.942,32.979]}],"ix":2},"a":{"a":0,"k":[0,0],"ix":1},"s":{"a":0,"k":[100,100],"ix":3},"r":{"a":0,"k":0,"ix":6},"o":{"a":0,"k":100,"ix":7},"sk":{"a":0,"k":0,"ix":4},"sa":{"a":0,"k":0,"ix":5},"nm":"Transform"}],"nm":"Group 3","np":4,"cix":2,"bm":0,"ix":3,"mn":"ADBE Vector Group","hd":false},{"ty":"gr","it":[{"ind":0,"ty":"sh","ix":1,"ks":{"a":0,"k":{"i":[[0,0],[0,0],[0.072,-0.548],[0,0],[0.454,0],[0,0],[-0.072,0.548],[0,0]],"o":[[0,0],[0.55,0],[0,0],[-0.047,0.477],[0,0],[-0.55,0],[0,0],[0,0]],"v":[[-4.437,-4.422],[4.389,-4.422],[5.298,-3.397],[4.532,3.611],[3.624,4.445],[-4.365,4.445],[-5.274,3.42],[-4.413,-4.422]],"c":true},"ix":2},"nm":"Path 1","mn":"ADBE Vector Shape - Group","hd":false},{"ind":1,"ty":"sh","ix":2,"ks":{"a":0,"k":{"i":[[0,0],[0,0],[-0.119,1.072],[0,0],[1.244,0],[0,0],[0,0],[-1.244,0]],"o":[[0,0],[1.077,0],[0,0],[0.143,-1.263],[0,0],[0,0],[-0.119,1.239],[0,0]],"v":[[-7.618,8.164],[6.278,8.164],[8.383,6.281],[9.723,-5.805],[7.618,-8.164],[-8.192,-8.164],[-9.747,5.828],[-7.642,8.164]],"c":true},"ix":2},"nm":"Path 2","mn":"ADBE Vector Shape - Group","hd":false},{"ty":"mm","mm":1,"nm":"Merge Paths 1","mn":"ADBE Vector Filter - Merge","hd":false},{"ty":"fl","c":{"a":0,"k":[0.945098099054,0.356862745098,0.145098039216,1],"ix":4},"o":{"a":0,"k":100,"ix":5},"r":1,"bm":0,"nm":"Fill 1","mn":"ADBE Vector Graphic - Fill","hd":false},{"ty":"tr","p":{"a":1,"k":[{"i":{"x":0.667,"y":1},"o":{"x":0.167,"y":0.167},"t":0,"s":[14.549,14.166],"to":[0,0],"ti":[0,0]},{"i":{"x":0.667,"y":1},"o":{"x":0.167,"y":0.167},"t":60,"s":[35.424,14.166],"to":[0,0],"ti":[0,0]},{"t":120,"s":[33.549,33.041]}],"ix":2},"a":{"a":0,"k":[0,0],"ix":1},"s":{"a":0,"k":[100,100],"ix":3},"r":{"a":0,"k":0,"ix":6},"o":{"a":0,"k":100,"ix":7},"sk":{"a":0,"k":0,"ix":4},"sa":{"a":0,"k":0,"ix":5},"nm":"Transform"}],"nm":"Group 4","np":4,"cix":2,"bm":0,"ix":4,"mn":"ADBE Vector Group","hd":false}],"ip":0,"op":300,"st":0,"bm":0}],"markers":[]}